scope,candidate,horizon_min,mae_min
both,persistence,30,2.640478716563786
both,persistence,60,4.2935038610038605
both,persistence,90,5.6810897435897445
both,persistence,120,6.862500000000001
both,persistence,150,7.801950148521246
both,persistence,180,8.568481704163435
both,persistence,210,9.282645631067961
both,persistence,240,9.878241640746502
both,persistence,270,10.368004735954328
both,persistence,300,10.723176474408936
both,persistence,330,10.964873520613864
both,persistence,360,11.1000830078125
both,persistence,390,11.186908486507628
both,persistence,420,11.21564865570347
both,persistence,450,11.179295701032274
both,persistence,480,11.074205259026687
both,persistence,510,10.958824492468892
both,persistence,540,10.896652897980593
both,persistence,570,10.844942234475516
both,persistence,600,10.846311448475289
both,persistence,630,10.951623568890644
both,persistence,660,11.075634057971014
both,persistence,690,11.178709932726553
both,persistence,720,11.221566296883255
both,persistence,750,11.164906452465951
both,persistence,780,11.016378739740535
both,persistence,810,10.840207090788603
both,persistence,840,10.699170647558386
both,persistence,870,10.696260130197953
both,persistence,900,10.74225525405693
both,persistence,930,10.822519643094955
both,persistence,960,10.951475
both,persistence,990,11.059264450674144
both,persistence,1020,11.133851242983159
both,persistence,1050,11.161161849324236
both,persistence,1080,11.103207060557342
both,persistence,1110,10.981710261569416
both,persistence,1140,10.795262557077626
both,persistence,1170,10.50485915019497
both,persistence,1200,10.111187399030696
both,persistence,1230,9.670258794985848
both,persistence,1260,9.160937921727395
both,persistence,1290,8.606223821105257
both,persistence,1320,7.9914130140692645
both,persistence,1350,7.285999932276852
both,persistence,1380,6.609687754271765
both,persistence,1410,6.070237610319077
both,persistence,1440,5.832388526373029
both,same time yesterday,30,6.1685185185185185
both,same time yesterday,60,6.166121299871301
both,same time yesterday,90,6.164078404844736
both,same time yesterday,120,6.163986713106295
both,same time yesterday,150,6.167554565413922
both,same time yesterday,180,6.173624579777605
both,same time yesterday,210,6.178708737864078
both,same time yesterday,240,6.184237299118714
both,same time yesterday,270,6.189966913195796
both,same time yesterday,300,6.193318069628474
both,same time yesterday,330,6.193809338015346
both,same time yesterday,360,6.195387369791666
both,same time yesterday,390,6.194796962586364
both,same time yesterday,420,6.189131427825633
both,same time yesterday,450,6.17687508166732
both,same time yesterday,480,6.165294675562532
both,same time yesterday,510,6.151424361493123
both,same time yesterday,540,6.137560647783897
both,same time yesterday,570,6.128795785742419
both,same time yesterday,600,6.124166995268139
both,same time yesterday,630,6.118104355836294
both,same time yesterday,660,6.109204545454546
both,same time yesterday,690,6.096837488457987
both,same time yesterday,720,6.084941230850502
both,same time yesterday,750,6.071879545154039
both,same time yesterday,780,6.0597167063807245
both,same time yesterday,810,6.044156726308813
both,same time yesterday,840,6.022971403927813
both,same time yesterday,870,6.0000348744519725
both,same time yesterday,900,5.982467079010375
both,same time yesterday,930,5.966933013716873
both,same time yesterday,960,5.957291666666667
both,same time yesterday,990,5.956609598184488
both,same time yesterday,1020,5.957262429831596
both,same time yesterday,1050,5.949608590927339
both,same time yesterday,1080,5.940906350482314
both,same time yesterday,1110,5.933189134808853
both,same time yesterday,1140,5.922988853075477
both,same time yesterday,1170,5.915464905203711
both,same time yesterday,1200,5.909950525040387
both,same time yesterday,1230,5.909842970750775
both,same time yesterday,1260,5.908272604588395
both,same time yesterday,1290,5.899846304553439
both,same time yesterday,1320,5.887638663419914
both,same time yesterday,1350,5.872702492211838
both,same time yesterday,1380,5.85702468131272
both,same time yesterday,1410,5.844994908350306
both,same time yesterday,1440,5.832388526373029
both,same time last week,30,5.188786764705883
both,same time last week,60,5.187801418439716
both,same time last week,90,5.187801418439716
both,same time last week,120,5.188717427760578
both,same time last week,150,5.1925222781867495
both,same time last week,180,5.198028187225239
both,same time last week,210,5.203278317152104
both,same time last week,240,5.209005637636081
both,same time last week,270,5.214558193849747
both,same time last week,300,5.219475837879968
both,same time last week,330,5.224325334894004
both,same time last week,360,5.2288720703125
both,same time last week,390,5.2318260331117195
both,same time last week,420,5.2301194205168375
both,same time last week,450,5.2246308637135765
both,same time last week,480,5.218275771847201
both,same time last week,510,5.211766535690898
both,same time last week,540,5.205337004982953
both,same time last week,570,5.197490810030196
both,same time last week,600,5.183768730283912
both,same time last week,630,5.166949598631399
both,same time last week,660,5.152618577075099
both,same time last week,690,5.144794552169898
both,same time last week,720,5.134913166930798
both,same time last week,750,5.124755388073517
both,same time last week,780,5.1184571088165205
both,same time last week,810,5.114290921139829
both,same time last week,840,5.1085837977707005
both,same time last week,870,5.100411850670919
both,same time last week,900,5.0957169459962754
both,same time last week,930,5.094346783859369
both,same time last week,960,5.0931983333333335
both,same time last week,990,5.084479708984115
both,same time last week,1020,5.080117281475541
both,same time last week,1050,5.078750167268835
both,same time last week,1080,5.072859726688104
both,same time last week,1110,5.059178403755869
both,same time last week,1140,5.044570910556003
both,same time last week,1170,5.034842678499395
both,same time last week,1200,5.0275040387722125
both,same time last week,1230,5.019721323628522
both,same time last week,1260,5.012503373819163
both,same time last week,1290,5.000425618159708
both,same time last week,1320,4.986657873376624
both,same time last week,1350,4.969817486116755
both,same time last week,1380,4.956929753186873
both,same time last week,1410,4.946563136456212
both,same time last week,1440,4.941714246873301
both,profile,30,5.192255594777017
both,profile,60,5.190464659420192
both,profile,90,5.187987901786175
both,profile,120,5.188799244091073
both,profile,150,5.194043126135384
both,profile,180,5.2006614336699375
both,profile,210,5.206438878721218
both,profile,240,5.210670257782073
both,profile,270,5.215245578909928
both,profile,300,5.220030162448607
both,profile,330,5.223530602758896
both,profile,360,5.223166244750263
both,profile,390,5.219424241453215
both,profile,420,5.216303797476503
both,profile,450,5.208672014693228
both,profile,480,5.197885787016841
both,profile,510,5.185755861394238
both,profile,540,5.176189338618117
both,profile,570,5.166131556008568
both,profile,600,5.1551550363095
both,profile,630,5.144662885962145
both,profile,660,5.135557143806775
both,profile,690,5.1248761425729885
both,profile,720,5.118626634607483
both,profile,750,5.1107735437886195
both,profile,780,5.101425005743989
both,profile,810,5.093870159302921
both,profile,840,5.079388286241537
both,profile,870,5.066710664557171
both,profile,900,5.057887466231223
both,profile,930,5.0555765152763
both,profile,960,5.055132447883549
both,profile,990,5.0563215530114505
both,profile,1020,5.058305089993626
both,profile,1050,5.055895933465196
both,profile,1080,5.052535593638479
both,profile,1110,5.046354285236153
both,profile,1140,5.034161450808858
both,profile,1170,5.025571634602767
both,profile,1200,5.024222539908511
both,profile,1230,5.026402696928202
both,profile,1260,5.030269566246145
both,profile,1290,5.029087141887566
both,profile,1320,5.024070195323746
both,profile,1350,5.015691663496644
both,profile,1380,5.005627272788829
both,profile,1410,4.999457294701215
both,profile,1440,5.0009912212384835
both,xgb[maps],30,2.274719167712294
both,xgb[maps],60,3.203147994020577
both,xgb[maps],90,3.900135021371919
both,xgb[maps],120,4.269794595241546
both,xgb[maps],150,4.617358727105963
both,xgb[maps],180,4.798720847490625
both,xgb[maps],210,5.028592904976657
both,xgb[maps],240,5.205644288849126
both,xgb[maps],270,5.244383061125506
both,xgb[maps],300,5.351285673494802
both,xgb[maps],330,5.354179562838929
both,xgb[maps],360,5.348645295749108
both,xgb[maps],390,5.354176998474097
both,xgb[maps],420,5.292344852490825
both,xgb[maps],450,5.215903793034889
both,xgb[maps],480,5.19152093947963
both,xgb[maps],510,5.156445446638946
both,xgb[maps],540,5.195632393291983
both,xgb[maps],570,5.217644172787149
both,xgb[maps],600,5.247220499971813
both,xgb[maps],630,5.37477165038436
both,xgb[maps],660,5.504780862805714
both,xgb[maps],690,5.491153959151765
both,xgb[maps],720,5.4382951256779215
both,xgb[maps],750,5.31665841570043
both,xgb[maps],780,5.170683034185319
both,xgb[maps],810,5.063160019565529
both,xgb[maps],840,5.1134817595694475
both,xgb[maps],870,5.053804158917363
both,xgb[maps],900,5.060304173931032
both,xgb[maps],930,5.109160721332196
both,xgb[maps],960,5.066714499486288
both,xgb[maps],990,5.07748944233263
both,xgb[maps],1020,5.109883924513315
both,xgb[maps],1050,5.18540893828041
both,xgb[maps],1080,5.155584162492844
both,xgb[maps],1110,5.051628721673404
both,xgb[maps],1140,5.0016582926722775
both,xgb[maps],1170,4.9242121297408765
both,xgb[maps],1200,4.986874956069099
both,xgb[maps],1230,4.890026977875594
both,xgb[maps],1260,4.901827922761842
both,xgb[maps],1290,4.8680932821735885
both,xgb[maps],1320,4.838672663948753
both,xgb[maps],1350,4.803027083262444
both,xgb[maps],1380,4.658661580674203
both,xgb[maps],1410,4.683158611937275
both,xgb[maps],1440,4.663960531718579
both,xgb[maps+prof],30,2.271493113874899
both,xgb[maps+prof],60,3.21347199296399
both,xgb[maps+prof],90,3.655579156879297
both,xgb[maps+prof],120,3.962604918900658
both,xgb[maps+prof],150,4.1749110126285975
both,xgb[maps+prof],180,4.305665108705633
both,xgb[maps+prof],210,4.41864918172398
both,xgb[maps+prof],240,4.488872177987719
both,xgb[maps+prof],270,4.5777617874011876
both,xgb[maps+prof],300,4.689698281713076
both,xgb[maps+prof],330,4.789517268459793
both,xgb[maps+prof],360,4.891180290641884
both,xgb[maps+prof],390,4.924763791978537
both,xgb[maps+prof],420,4.951251369865655
both,xgb[maps+prof],450,4.968591765903826
both,xgb[maps+prof],480,4.861094958379217
both,xgb[maps+prof],510,4.833607554282717
both,xgb[maps+prof],540,4.825119860129128
both,xgb[maps+prof],570,4.845707712227299
both,xgb[maps+prof],600,4.870838271092416
both,xgb[maps+prof],630,4.944858922844169
both,xgb[maps+prof],660,4.958693247959705
both,xgb[maps+prof],690,4.91725986322459
both,xgb[maps+prof],720,4.900436874778575
both,xgb[maps+prof],750,4.839556047706145
both,xgb[maps+prof],780,4.7651661159943615
both,xgb[maps+prof],810,4.755469888379985
both,xgb[maps+prof],840,4.762266168827211
both,xgb[maps+prof],870,4.7919604019417426
both,xgb[maps+prof],900,4.8161590373842715
both,xgb[maps+prof],930,4.826963457818006
both,xgb[maps+prof],960,4.79868973766327
both,xgb[maps+prof],990,4.796912977956768
both,xgb[maps+prof],1020,4.744779916320756
both,xgb[maps+prof],1050,4.692737269672735
both,xgb[maps+prof],1080,4.561148191571619
both,xgb[maps+prof],1110,4.506481014906681
both,xgb[maps+prof],1140,4.424586593646885
both,xgb[maps+prof],1170,4.404298656666745
both,xgb[maps+prof],1200,4.4054852174569925
both,xgb[maps+prof],1230,4.464047652554489
both,xgb[maps+prof],1260,4.493932653766894
both,xgb[maps+prof],1290,4.4876819745896075
both,xgb[maps+prof],1320,4.50059430719196
both,xgb[maps+prof],1350,4.5190737501870615
both,xgb[maps+prof],1380,4.499687202105458
both,xgb[maps+prof],1410,4.536907546424737
both,xgb[maps+prof],1440,4.573741068121788
SG_TO_MY,persistence,30,2.7772537294238684
SG_TO_MY,persistence,60,4.500189832689832
SG_TO_MY,persistence,90,5.938748228321093
SG_TO_MY,persistence,120,7.140857198142414
SG_TO_MY,persistence,150,8.12223298463128
SG_TO_MY,persistence,180,8.971586501163692
SG_TO_MY,persistence,210,9.833330097087378
SG_TO_MY,persistence,240,10.557510368066357
SG_TO_MY,persistence,270,11.106302711820423
SG_TO_MY,persistence,300,11.458375552091452
SG_TO_MY,persistence,330,11.642541292755887
SG_TO_MY,persistence,360,11.705937500000001
SG_TO_MY,persistence,390,11.695368921913701
SG_TO_MY,persistence,420,11.675548159749413
SG_TO_MY,persistence,450,11.703456160982622
SG_TO_MY,persistence,480,11.733231946624805
SG_TO_MY,persistence,510,11.760677799607073
SG_TO_MY,persistence,540,11.917997639653816
SG_TO_MY,persistence,570,12.10103058947092
SG_TO_MY,persistence,600,12.291420215562566
SG_TO_MY,persistence,630,12.522437162784579
SG_TO_MY,persistence,660,12.707631752305666
SG_TO_MY,persistence,690,12.816307215406937
SG_TO_MY,persistence,720,12.869737189646063
SG_TO_MY,persistence,750,12.84284344836705
SG_TO_MY,persistence,780,12.696634233518665
SG_TO_MY,persistence,810,12.551192842942346
SG_TO_MY,persistence,840,12.382971735668791
SG_TO_MY,persistence,870,12.2303440945928
SG_TO_MY,persistence,900,12.082262569832402
SG_TO_MY,persistence,930,11.992329204954055
SG_TO_MY,persistence,960,12.019833333333334
SG_TO_MY,persistence,990,12.10700507275397
SG_TO_MY,persistence,1020,12.191205560010692
SG_TO_MY,persistence,1050,12.280921316740265
SG_TO_MY,persistence,1080,12.319898847802786
SG_TO_MY,persistence,1110,12.288484238765928
SG_TO_MY,persistence,1140,12.171289954337901
SG_TO_MY,persistence,1170,11.83762269732419
SG_TO_MY,persistence,1200,11.26000605815832
SG_TO_MY,persistence,1230,10.595659792424854
SG_TO_MY,persistence,1260,9.84541160593792
SG_TO_MY,persistence,1290,9.067102418592082
SG_TO_MY,persistence,1320,8.277617694805194
SG_TO_MY,persistence,1350,7.406826493295407
SG_TO_MY,persistence,1380,6.6113879848115005
SG_TO_MY,persistence,1410,6.060329260013577
SG_TO_MY,persistence,1440,5.876158917890158
SG_TO_MY,same time yesterday,30,6.257105195473251
SG_TO_MY,same time yesterday,60,6.264790862290862
SG_TO_MY,same time yesterday,90,6.270899368638061
SG_TO_MY,same time yesterday,120,6.277583204334365
SG_TO_MY,same time yesterday,150,6.28456670541134
SG_TO_MY,same time yesterday,180,6.290654900439618
SG_TO_MY,same time yesterday,210,6.295783171521036
SG_TO_MY,same time yesterday,240,6.301283048211508
SG_TO_MY,same time yesterday,270,6.306185934864409
SG_TO_MY,same time yesterday,300,6.3071382177188875
SG_TO_MY,same time yesterday,330,6.3022857328651325
SG_TO_MY,same time yesterday,360,6.2996582031249995
SG_TO_MY,same time yesterday,390,6.294932212227871
SG_TO_MY,same time yesterday,420,6.2798029235186625
SG_TO_MY,same time yesterday,450,6.253952698288252
SG_TO_MY,same time yesterday,480,6.231328492935636
SG_TO_MY,same time yesterday,510,6.204869024230518
SG_TO_MY,same time yesterday,540,6.179265014424337
SG_TO_MY,same time yesterday,570,6.1572141262964415
SG_TO_MY,same time yesterday,600,6.145149842271293
SG_TO_MY,same time yesterday,630,6.129566390314515
SG_TO_MY,same time yesterday,660,6.110691699604743
SG_TO_MY,same time yesterday,690,6.0908125577100645
SG_TO_MY,same time yesterday,720,6.075940966719493
SG_TO_MY,same time yesterday,750,6.06223059632421
SG_TO_MY,same time yesterday,780,6.053885358750331
SG_TO_MY,same time yesterday,810,6.038247183565276
SG_TO_MY,same time yesterday,840,6.013243099787686
SG_TO_MY,same time yesterday,870,5.9822771356450115
SG_TO_MY,same time yesterday,900,5.956770417664272
SG_TO_MY,same time yesterday,930,5.93692901851112
SG_TO_MY,same time yesterday,960,5.928453333333334
SG_TO_MY,same time yesterday,990,5.923701775463889
SG_TO_MY,same time yesterday,1020,5.9194834268912055
SG_TO_MY,same time yesterday,1050,5.903255051518801
SG_TO_MY,same time yesterday,1080,5.881025589496248
SG_TO_MY,same time yesterday,1110,5.86169014084507
SG_TO_MY,same time yesterday,1140,5.8458165457964
SG_TO_MY,same time yesterday,1170,5.835340190937206
SG_TO_MY,same time yesterday,1200,5.831687533656436
SG_TO_MY,same time yesterday,1230,5.836794042323763
SG_TO_MY,same time yesterday,1260,5.842020917678813
SG_TO_MY,same time yesterday,1290,5.84846642345629
SG_TO_MY,same time yesterday,1320,5.854744994588745
SG_TO_MY,same time yesterday,1350,5.860866179060003
SG_TO_MY,same time yesterday,1380,5.867504068348251
SG_TO_MY,same time yesterday,1410,5.87325865580448
SG_TO_MY,same time yesterday,1440,5.876158917890158
SG_TO_MY,same time last week,30,5.047936016511868
SG_TO_MY,same time last week,60,5.047856221792392
SG_TO_MY,same time last week,90,5.047856221792392
SG_TO_MY,same time last week,120,5.049451754385965
SG_TO_MY,same time last week,150,5.054465323518016
SG_TO_MY,same time last week,180,5.059904318593225
SG_TO_MY,same time last week,210,5.065242718446602
SG_TO_MY,same time last week,240,5.070920813893209
SG_TO_MY,same time last week,270,5.07614181912547
SG_TO_MY,same time last week,300,5.080423486619902
SG_TO_MY,same time last week,330,5.084321758356094
SG_TO_MY,same time last week,360,5.087906901041666
SG_TO_MY,same time last week,390,5.088495632903141
SG_TO_MY,same time last week,420,5.079218872357087
SG_TO_MY,same time last week,450,5.062909969946427
SG_TO_MY,same time last week,480,5.045849686028258
SG_TO_MY,same time last week,510,5.028801571709233
SG_TO_MY,same time last week,540,5.013103199580383
SG_TO_MY,same time last week,570,4.998365498227649
SG_TO_MY,same time last week,600,4.968053364879075
SG_TO_MY,same time last week,630,4.934599947361495
SG_TO_MY,same time last week,660,4.9013603425559955
SG_TO_MY,same time last week,690,4.87970254583828
SG_TO_MY,same time last week,720,4.859617670364501
SG_TO_MY,same time last week,750,4.841795583763058
SG_TO_MY,same time last week,780,4.830444135557321
SG_TO_MY,same time last week,810,4.819493041749504
SG_TO_MY,same time last week,840,4.802391852441613
SG_TO_MY,same time last week,870,4.787402019396838
SG_TO_MY,same time last week,900,4.782957568502262
SG_TO_MY,same time last week,930,4.783619656412306
SG_TO_MY,same time last week,960,4.781703333333334
SG_TO_MY,same time last week,990,4.779355226271526
SG_TO_MY,same time last week,1020,4.780359529537557
SG_TO_MY,same time last week,1050,4.775498461126722
SG_TO_MY,same time last week,1080,4.766569533762058
SG_TO_MY,same time last week,1110,4.748440643863179
SG_TO_MY,same time last week,1140,4.739954337899545
SG_TO_MY,same time last week,1170,4.736093182734974
SG_TO_MY,same time last week,1200,4.740202611739365
SG_TO_MY,same time last week,1230,4.74194298422968
SG_TO_MY,same time last week,1260,4.74054318488529
SG_TO_MY,same time last week,1290,4.733427915146603
SG_TO_MY,same time last week,1320,4.732734713203462
SG_TO_MY,same time last week,1350,4.738107815251253
SG_TO_MY,same time last week,1380,4.742805804176838
SG_TO_MY,same time last week,1410,4.74286490156144
SG_TO_MY,same time last week,1440,4.7442190048939645
SG_TO_MY,profile,30,4.972030020560856
SG_TO_MY,profile,60,4.977509339779843
SG_TO_MY,profile,90,4.9834959931654925
SG_TO_MY,profile,120,4.990801410529224
SG_TO_MY,profile,150,4.9985142236056035
SG_TO_MY,profile,180,5.00504761186854
SG_TO_MY,profile,210,5.0107977550304765
SG_TO_MY,profile,240,5.014671969918781
SG_TO_MY,profile,270,5.018127130189912
SG_TO_MY,profile,300,5.021956361137961
SG_TO_MY,profile,330,5.023178213737146
SG_TO_MY,profile,360,5.018278616437826
SG_TO_MY,profile,390,5.006648834891478
SG_TO_MY,profile,420,4.994267260122917
SG_TO_MY,profile,450,4.974852206857475
SG_TO_MY,profile,480,4.94813968457388
SG_TO_MY,profile,510,4.922561545190678
SG_TO_MY,profile,540,4.900671038450515
SG_TO_MY,profile,570,4.881228212964325
SG_TO_MY,profile,600,4.859866975877328
SG_TO_MY,profile,630,4.839286424063012
SG_TO_MY,profile,660,4.818304707414927
SG_TO_MY,profile,690,4.796088103838002
SG_TO_MY,profile,720,4.781667029752022
SG_TO_MY,profile,750,4.763973913606231
SG_TO_MY,profile,780,4.746060918419551
SG_TO_MY,profile,810,4.730922805129424
SG_TO_MY,profile,840,4.709406635545036
SG_TO_MY,profile,870,4.687359689737787
SG_TO_MY,profile,900,4.666067392450545
SG_TO_MY,profile,930,4.653185772190437
SG_TO_MY,profile,960,4.646978902860895
SG_TO_MY,profile,990,4.642949093086539
SG_TO_MY,profile,1020,4.634738581740333
SG_TO_MY,profile,1050,4.622329093445164
SG_TO_MY,profile,1080,4.609061798745395
SG_TO_MY,profile,1110,4.598697830505227
SG_TO_MY,profile,1140,4.584408948070181
SG_TO_MY,profile,1170,4.575963432996005
SG_TO_MY,profile,1200,4.576590605851963
SG_TO_MY,profile,1230,4.581069506341525
SG_TO_MY,profile,1260,4.588777206479099
SG_TO_MY,profile,1290,4.59441739346051
SG_TO_MY,profile,1320,4.59970422806888
SG_TO_MY,profile,1350,4.607493285428626
SG_TO_MY,profile,1380,4.614123337431855
SG_TO_MY,profile,1410,4.62022565579091
SG_TO_MY,profile,1440,4.626488401313284
SG_TO_MY,xgb[maps],30,2.399420885760107
SG_TO_MY,xgb[maps],60,3.297648951138923
SG_TO_MY,xgb[maps],90,3.8950302410334627
SG_TO_MY,xgb[maps],120,4.106109591165194
SG_TO_MY,xgb[maps],150,4.435372470174359
SG_TO_MY,xgb[maps],180,4.602749850344898
SG_TO_MY,xgb[maps],210,4.899603814455298
SG_TO_MY,xgb[maps],240,5.119459353140933
SG_TO_MY,xgb[maps],270,5.207810306982167
SG_TO_MY,xgb[maps],300,5.28122230962395
SG_TO_MY,xgb[maps],330,5.187837507188638
SG_TO_MY,xgb[maps],360,5.081338666081429
SG_TO_MY,xgb[maps],390,5.026016347390579
SG_TO_MY,xgb[maps],420,4.947105593222048
SG_TO_MY,xgb[maps],450,4.923474120670061
SG_TO_MY,xgb[maps],480,4.87307356313409
SG_TO_MY,xgb[maps],510,4.962341025351853
SG_TO_MY,xgb[maps],540,4.987601460892792
SG_TO_MY,xgb[maps],570,4.983151483554547
SG_TO_MY,xgb[maps],600,4.953741422937997
SG_TO_MY,xgb[maps],630,5.039945629600287
SG_TO_MY,xgb[maps],660,5.056221875780028
SG_TO_MY,xgb[maps],690,5.03819196661046
SG_TO_MY,xgb[maps],720,4.956160425233009
SG_TO_MY,xgb[maps],750,4.763215316793644
SG_TO_MY,xgb[maps],780,4.535220076995518
SG_TO_MY,xgb[maps],810,4.504427334360132
SG_TO_MY,xgb[maps],840,4.601343679250932
SG_TO_MY,xgb[maps],870,4.608720548469358
SG_TO_MY,xgb[maps],900,4.6070785411338475
SG_TO_MY,xgb[maps],930,4.655016023186523
SG_TO_MY,xgb[maps],960,4.603108039550782
SG_TO_MY,xgb[maps],990,4.677433853724851
SG_TO_MY,xgb[maps],1020,4.687246933992902
SG_TO_MY,xgb[maps],1050,4.830838835818468
SG_TO_MY,xgb[maps],1080,4.839809468372587
SG_TO_MY,xgb[maps],1110,4.900855220664195
SG_TO_MY,xgb[maps],1140,4.904216102589339
SG_TO_MY,xgb[maps],1170,5.011739591444887
SG_TO_MY,xgb[maps],1200,5.061902403549026
SG_TO_MY,xgb[maps],1230,4.817791893289712
SG_TO_MY,xgb[maps],1260,4.748977675984906
SG_TO_MY,xgb[maps],1290,4.614691297564374
SG_TO_MY,xgb[maps],1320,4.599821309093789
SG_TO_MY,xgb[maps],1350,4.606467194798095
SG_TO_MY,xgb[maps],1380,4.456103940083788
SG_TO_MY,xgb[maps],1410,4.526494321933185
SG_TO_MY,xgb[maps],1440,4.4956363030268225
SG_TO_MY,xgb[maps+prof],30,2.4112707793712618
SG_TO_MY,xgb[maps+prof],60,3.24837219169548
SG_TO_MY,xgb[maps+prof],90,3.6021211068234846
SG_TO_MY,xgb[maps+prof],120,3.812604236282923
SG_TO_MY,xgb[maps+prof],150,3.9994209263932254
SG_TO_MY,xgb[maps+prof],180,4.147351914793754
SG_TO_MY,xgb[maps+prof],210,4.249139027123313
SG_TO_MY,xgb[maps+prof],240,4.286916704509096
SG_TO_MY,xgb[maps+prof],270,4.392259401895819
SG_TO_MY,xgb[maps+prof],300,4.49520066641126
SG_TO_MY,xgb[maps+prof],330,4.573998783834425
SG_TO_MY,xgb[maps+prof],360,4.6095373427619535
SG_TO_MY,xgb[maps+prof],390,4.678965629659191
SG_TO_MY,xgb[maps+prof],420,4.683656708859987
SG_TO_MY,xgb[maps+prof],450,4.6091254610774195
SG_TO_MY,xgb[maps+prof],480,4.453423943262584
SG_TO_MY,xgb[maps+prof],510,4.506041966946045
SG_TO_MY,xgb[maps+prof],540,4.4463742704864195
SG_TO_MY,xgb[maps+prof],570,4.409781298312487
SG_TO_MY,xgb[maps+prof],600,4.384400279363999
SG_TO_MY,xgb[maps+prof],630,4.431683810144086
SG_TO_MY,xgb[maps+prof],660,4.359148790261491
SG_TO_MY,xgb[maps+prof],690,4.3885547803741165
SG_TO_MY,xgb[maps+prof],720,4.370788461520945
SG_TO_MY,xgb[maps+prof],750,4.3053990870607795
SG_TO_MY,xgb[maps+prof],780,4.25721608882295
SG_TO_MY,xgb[maps+prof],810,4.305352304255117
SG_TO_MY,xgb[maps+prof],840,4.324195573385607
SG_TO_MY,xgb[maps+prof],870,4.318498486751609
SG_TO_MY,xgb[maps+prof],900,4.300495280823704
SG_TO_MY,xgb[maps+prof],930,4.3930537152312565
SG_TO_MY,xgb[maps+prof],960,4.392908334910075
SG_TO_MY,xgb[maps+prof],990,4.4955565562952895
SG_TO_MY,xgb[maps+prof],1020,4.443146924582498
SG_TO_MY,xgb[maps+prof],1050,4.382427218613433
SG_TO_MY,xgb[maps+prof],1080,4.2930391421016525
SG_TO_MY,xgb[maps+prof],1110,4.2817533806200245
SG_TO_MY,xgb[maps+prof],1140,4.230928267684638
SG_TO_MY,xgb[maps+prof],1170,4.2649358259536765
SG_TO_MY,xgb[maps+prof],1200,4.272182861553063
SG_TO_MY,xgb[maps+prof],1230,4.258020752262661
SG_TO_MY,xgb[maps+prof],1260,4.246956321855306
SG_TO_MY,xgb[maps+prof],1290,4.165077276349696
SG_TO_MY,xgb[maps+prof],1320,4.162850807291089
SG_TO_MY,xgb[maps+prof],1350,4.163367906457022
SG_TO_MY,xgb[maps+prof],1380,4.195316126807647
SG_TO_MY,xgb[maps+prof],1410,4.226116946933226
SG_TO_MY,xgb[maps+prof],1440,4.281373260538497
MY_TO_SG,persistence,30,2.503703703703704
MY_TO_SG,persistence,60,4.0868178893178895
MY_TO_SG,persistence,90,5.423431258858395
MY_TO_SG,persistence,120,6.5841428018575865
MY_TO_SG,persistence,150,7.4816673124112105
MY_TO_SG,persistence,180,8.165376907163175
MY_TO_SG,persistence,210,8.731961165048544
MY_TO_SG,persistence,240,9.198972913426646
MY_TO_SG,persistence,270,9.629706760088231
MY_TO_SG,persistence,300,9.987977396726423
MY_TO_SG,persistence,330,10.287205748471843
MY_TO_SG,persistence,360,10.494228515625
MY_TO_SG,persistence,390,10.678448051101551
MY_TO_SG,persistence,420,10.755749151657529
MY_TO_SG,persistence,450,10.655135241081929
MY_TO_SG,persistence,480,10.415178571428571
MY_TO_SG,persistence,510,10.156971185330715
MY_TO_SG,persistence,540,9.87530815630737
MY_TO_SG,persistence,570,9.58885387948011
MY_TO_SG,persistence,600,9.401202681388012
MY_TO_SG,persistence,630,9.38080997499671
MY_TO_SG,persistence,660,9.443636363636363
MY_TO_SG,persistence,690,9.541112650046168
MY_TO_SG,persistence,720,9.573395404120443
MY_TO_SG,persistence,750,9.486969456564855
MY_TO_SG,persistence,780,9.336123245962403
MY_TO_SG,persistence,810,9.129221338634858
MY_TO_SG,persistence,840,9.015369559447981
MY_TO_SG,persistence,870,9.162176165803109
MY_TO_SG,persistence,900,9.402247938281457
MY_TO_SG,persistence,930,9.652710081235849
MY_TO_SG,persistence,960,9.883116666666666
MY_TO_SG,persistence,990,10.011523828594314
MY_TO_SG,persistence,1020,10.076496925955627
MY_TO_SG,persistence,1050,10.041402381908204
MY_TO_SG,persistence,1080,9.886515273311897
MY_TO_SG,persistence,1110,9.674936284372905
MY_TO_SG,persistence,1140,9.419235159817353
MY_TO_SG,persistence,1170,9.172095603065753
MY_TO_SG,persistence,1200,8.962368739903068
MY_TO_SG,persistence,1230,8.744857797546839
MY_TO_SG,persistence,1260,8.47646423751687
MY_TO_SG,persistence,1290,8.14534522361843
MY_TO_SG,persistence,1320,7.705208333333332
MY_TO_SG,persistence,1350,7.165173371258297
MY_TO_SG,persistence,1380,6.607987523732032
MY_TO_SG,persistence,1410,6.0801459606245745
MY_TO_SG,persistence,1440,5.788618134855899
MY_TO_SG,same time yesterday,30,6.079931841563786
MY_TO_SG,same time yesterday,60,6.067451737451738
MY_TO_SG,same time yesterday,90,6.057257441051411
MY_TO_SG,same time yesterday,120,6.050390221878225
MY_TO_SG,same time yesterday,150,6.050542425416505
MY_TO_SG,same time yesterday,180,6.056594259115593
MY_TO_SG,same time yesterday,210,6.06163430420712
MY_TO_SG,same time yesterday,240,6.06719155002592
MY_TO_SG,same time yesterday,270,6.073747891527184
MY_TO_SG,same time yesterday,300,6.079497921538061
MY_TO_SG,same time yesterday,330,6.085332943165561
MY_TO_SG,same time yesterday,360,6.091116536458332
MY_TO_SG,same time yesterday,390,6.094661712944857
MY_TO_SG,same time yesterday,420,6.098459932132602
MY_TO_SG,same time yesterday,450,6.099797465046387
MY_TO_SG,same time yesterday,480,6.09926085818943
MY_TO_SG,same time yesterday,510,6.097979698755729
MY_TO_SG,same time yesterday,540,6.0958562811434565
MY_TO_SG,same time yesterday,570,6.1003774451883945
MY_TO_SG,same time yesterday,600,6.103184148264984
MY_TO_SG,same time yesterday,630,6.106642321358073
MY_TO_SG,same time yesterday,660,6.107717391304348
MY_TO_SG,same time yesterday,690,6.102862419205909
MY_TO_SG,same time yesterday,720,6.093941494981511
MY_TO_SG,same time yesterday,750,6.0815284939838685
MY_TO_SG,same time yesterday,780,6.06554805401112
MY_TO_SG,same time yesterday,810,6.050066269052352
MY_TO_SG,same time yesterday,840,6.03269970806794
MY_TO_SG,same time yesterday,870,6.017792613258934
MY_TO_SG,same time yesterday,900,6.008163740356478
MY_TO_SG,same time yesterday,930,5.996937008922626
MY_TO_SG,same time yesterday,960,5.98613
MY_TO_SG,same time yesterday,990,5.989517420905086
MY_TO_SG,same time yesterday,1020,5.995041432771987
MY_TO_SG,same time yesterday,1050,5.995962130335875
MY_TO_SG,same time yesterday,1080,6.000787111468381
MY_TO_SG,same time yesterday,1110,6.004688128772636
MY_TO_SG,same time yesterday,1140,6.000161160354553
MY_TO_SG,same time yesterday,1170,5.995589619470217
MY_TO_SG,same time yesterday,1200,5.98821351642434
MY_TO_SG,same time yesterday,1230,5.982891899177786
MY_TO_SG,same time yesterday,1260,5.974524291497976
MY_TO_SG,same time yesterday,1290,5.9512261856505875
MY_TO_SG,same time yesterday,1320,5.920532332251081
MY_TO_SG,same time yesterday,1350,5.884538805363674
MY_TO_SG,same time yesterday,1380,5.84654529427719
MY_TO_SG,same time yesterday,1410,5.816731160896131
MY_TO_SG,same time yesterday,1440,5.788618134855899
MY_TO_SG,same time last week,30,5.329637512899898
MY_TO_SG,same time last week,60,5.327746615087041
MY_TO_SG,same time last week,90,5.327746615087041
MY_TO_SG,same time last week,120,5.327983101135191
MY_TO_SG,same time last week,150,5.330579232855483
MY_TO_SG,same time last week,180,5.336152055857254
MY_TO_SG,same time last week,210,5.341313915857605
MY_TO_SG,same time last week,240,5.347090461378953
MY_TO_SG,same time last week,270,5.352974568574024
MY_TO_SG,same time last week,300,5.358528189140037
MY_TO_SG,same time last week,330,5.364328911431916
MY_TO_SG,same time last week,360,5.369837239583333
MY_TO_SG,same time last week,390,5.3751564333202975
MY_TO_SG,same time last week,420,5.381019968676586
MY_TO_SG,same time last week,450,5.3863517574807265
MY_TO_SG,same time last week,480,5.390701857666143
MY_TO_SG,same time last week,510,5.39473149967256
MY_TO_SG,same time last week,540,5.397570810385524
MY_TO_SG,same time last week,570,5.396616121832743
MY_TO_SG,same time last week,600,5.399484095688749
MY_TO_SG,same time last week,630,5.399299249901302
MY_TO_SG,same time last week,660,5.403876811594203
MY_TO_SG,same time last week,690,5.409886558501517
MY_TO_SG,same time last week,720,5.4102086634970945
MY_TO_SG,same time last week,750,5.407715192383976
MY_TO_SG,same time last week,780,5.406470082075722
MY_TO_SG,same time last week,810,5.409088800530153
MY_TO_SG,same time last week,840,5.414775743099788
MY_TO_SG,same time last week,870,5.413421681944999
MY_TO_SG,same time last week,900,5.40847632349029
MY_TO_SG,same time last week,930,5.405073911306433
MY_TO_SG,same time last week,960,5.404693333333333
MY_TO_SG,same time last week,990,5.389604191696703
MY_TO_SG,same time last week,1020,5.3798750334135255
MY_TO_SG,same time last week,1050,5.382001873410946
MY_TO_SG,same time last week,1080,5.379149919614148
MY_TO_SG,same time last week,1110,5.369916163648558
MY_TO_SG,same time last week,1140,5.3491874832124635
MY_TO_SG,same time last week,1170,5.333592174263816
MY_TO_SG,same time last week,1200,5.314805465805062
MY_TO_SG,same time last week,1230,5.297499663027362
MY_TO_SG,same time last week,1260,5.284463562753037
MY_TO_SG,same time last week,1290,5.2674233211728145
MY_TO_SG,same time last week,1320,5.240581033549783
MY_TO_SG,same time last week,1350,5.201527156982257
MY_TO_SG,same time last week,1380,5.171053702196908
MY_TO_SG,same time last week,1410,5.150261371350984
MY_TO_SG,same time last week,1440,5.139209488852638
MY_TO_SG,profile,30,5.412481168993179
MY_TO_SG,profile,60,5.403419979060541
MY_TO_SG,profile,90,5.392479810406859
MY_TO_SG,profile,120,5.386797077652923
MY_TO_SG,profile,150,5.389572028665163
MY_TO_SG,profile,180,5.396275255471334
MY_TO_SG,profile,210,5.4020800024119575
MY_TO_SG,profile,240,5.406668545645365
MY_TO_SG,profile,270,5.412364027629944
MY_TO_SG,profile,300,5.418103963759252
MY_TO_SG,profile,330,5.423882991780646
MY_TO_SG,profile,360,5.4280538730627
MY_TO_SG,profile,390,5.432199648014951
MY_TO_SG,profile,420,5.43834033483009
MY_TO_SG,profile,450,5.44249182252898
MY_TO_SG,profile,480,5.447631889459801
MY_TO_SG,profile,510,5.448950177597798
MY_TO_SG,profile,540,5.4517076387857175
MY_TO_SG,profile,570,5.45103489905281
MY_TO_SG,profile,600,5.450443096741672
MY_TO_SG,profile,630,5.450039347861278
MY_TO_SG,profile,660,5.452809580198621
MY_TO_SG,profile,690,5.453664181307973
MY_TO_SG,profile,720,5.455586239462942
MY_TO_SG,profile,750,5.457573173971008
MY_TO_SG,profile,780,5.456789093068428
MY_TO_SG,profile,810,5.456817513476416
MY_TO_SG,profile,840,5.449369936938038
MY_TO_SG,profile,870,5.4460616393765555
MY_TO_SG,profile,900,5.449707540011903
MY_TO_SG,profile,930,5.457967258362165
MY_TO_SG,profile,960,5.463285992906203
MY_TO_SG,profile,990,5.469694012936362
MY_TO_SG,profile,1020,5.4818715982469195
MY_TO_SG,profile,1050,5.489462773485227
MY_TO_SG,profile,1080,5.496009388531563
MY_TO_SG,profile,1110,5.494010739967079
MY_TO_SG,profile,1140,5.4839139535475345
MY_TO_SG,profile,1170,5.475179836209526
MY_TO_SG,profile,1200,5.471854473965061
MY_TO_SG,profile,1230,5.471735887514881
MY_TO_SG,profile,1260,5.47176192601319
MY_TO_SG,profile,1290,5.463756890314622
MY_TO_SG,profile,1320,5.448436162578611
MY_TO_SG,profile,1350,5.423890041564661
MY_TO_SG,profile,1380,5.397131208145803
MY_TO_SG,profile,1410,5.378688933611518
MY_TO_SG,profile,1440,5.375494041163683
MY_TO_SG,xgb[maps],30,2.150017449664481
MY_TO_SG,xgb[maps],60,3.1086470369022323
MY_TO_SG,xgb[maps],90,3.9052398017103744
MY_TO_SG,xgb[maps],120,4.433479599317899
MY_TO_SG,xgb[maps],150,4.799344984037568
MY_TO_SG,xgb[maps],180,4.9946918446363515
MY_TO_SG,xgb[maps],210,5.157581995498016
MY_TO_SG,xgb[maps],240,5.2918292245573175
MY_TO_SG,xgb[maps],270,5.280955815268844
MY_TO_SG,xgb[maps],300,5.421349037365655
MY_TO_SG,xgb[maps],330,5.5205216184892185
MY_TO_SG,xgb[maps],360,5.615951925416788
MY_TO_SG,xgb[maps],390,5.682337649557615
MY_TO_SG,xgb[maps],420,5.637584111759602
MY_TO_SG,xgb[maps],450,5.508333465399717
MY_TO_SG,xgb[maps],480,5.50996831582517
MY_TO_SG,xgb[maps],510,5.350549867926038
MY_TO_SG,xgb[maps],540,5.4036633256911735
MY_TO_SG,xgb[maps],570,5.452136862019752
MY_TO_SG,xgb[maps],600,5.540699577005628
MY_TO_SG,xgb[maps],630,5.709597671168433
MY_TO_SG,xgb[maps],660,5.953339849831401
MY_TO_SG,xgb[maps],690,5.944115951693069
MY_TO_SG,xgb[maps],720,5.920429826122834
MY_TO_SG,xgb[maps],750,5.870101514607215
MY_TO_SG,xgb[maps],780,5.80614599137512
MY_TO_SG,xgb[maps],810,5.621892704770926
MY_TO_SG,xgb[maps],840,5.625619839887964
MY_TO_SG,xgb[maps],870,5.498887769365368
MY_TO_SG,xgb[maps],900,5.513529806728216
MY_TO_SG,xgb[maps],930,5.563305419477869
MY_TO_SG,xgb[maps],960,5.530320959421794
MY_TO_SG,xgb[maps],990,5.477545030940408
MY_TO_SG,xgb[maps],1020,5.532520915033729
MY_TO_SG,xgb[maps],1050,5.5399790407423515
MY_TO_SG,xgb[maps],1080,5.471358856613102
MY_TO_SG,xgb[maps],1110,5.202402222682612
MY_TO_SG,xgb[maps],1140,5.099100482755216
MY_TO_SG,xgb[maps],1170,4.836684668036868
MY_TO_SG,xgb[maps],1200,4.911847508589171
MY_TO_SG,xgb[maps],1230,4.962262062461473
MY_TO_SG,xgb[maps],1260,5.054678169538779
MY_TO_SG,xgb[maps],1290,5.121495266782804
MY_TO_SG,xgb[maps],1320,5.077524018803716
MY_TO_SG,xgb[maps],1350,4.999586971726793
MY_TO_SG,xgb[maps],1380,4.861219221264617
MY_TO_SG,xgb[maps],1410,4.839822901941365
MY_TO_SG,xgb[maps],1440,4.832284760410336
MY_TO_SG,xgb[maps+prof],30,2.1317154483785354
MY_TO_SG,xgb[maps+prof],60,3.1785717942324996
MY_TO_SG,xgb[maps+prof],90,3.709037206935108
MY_TO_SG,xgb[maps+prof],120,4.112605601518394
MY_TO_SG,xgb[maps+prof],150,4.350401098863971
MY_TO_SG,xgb[maps+prof],180,4.463978302617513
MY_TO_SG,xgb[maps+prof],210,4.588159336324649
MY_TO_SG,xgb[maps+prof],240,4.690827651466343
MY_TO_SG,xgb[maps+prof],270,4.763264172906555
MY_TO_SG,xgb[maps+prof],300,4.884195897014893
MY_TO_SG,xgb[maps+prof],330,5.00503575308516
MY_TO_SG,xgb[maps+prof],360,5.172823238521814
MY_TO_SG,xgb[maps+prof],390,5.170561954297884
MY_TO_SG,xgb[maps+prof],420,5.2188460308713225
MY_TO_SG,xgb[maps+prof],450,5.328058070730232
MY_TO_SG,xgb[maps+prof],480,5.26876597349585
MY_TO_SG,xgb[maps+prof],510,5.161173141619389
MY_TO_SG,xgb[maps+prof],540,5.203865449771836
MY_TO_SG,xgb[maps+prof],570,5.281634126142111
MY_TO_SG,xgb[maps+prof],600,5.357276262820832
MY_TO_SG,xgb[maps+prof],630,5.458034035544252
MY_TO_SG,xgb[maps+prof],660,5.558237705657919
MY_TO_SG,xgb[maps+prof],690,5.445964946075065
MY_TO_SG,xgb[maps+prof],720,5.430085288036203
MY_TO_SG,xgb[maps+prof],750,5.373713008351511
MY_TO_SG,xgb[maps+prof],780,5.2731161431657725
MY_TO_SG,xgb[maps+prof],810,5.205587472504855
MY_TO_SG,xgb[maps+prof],840,5.2003367642688145
MY_TO_SG,xgb[maps+prof],870,5.265422317131876
MY_TO_SG,xgb[maps+prof],900,5.331822793944842
MY_TO_SG,xgb[maps+prof],930,5.260873200404753
MY_TO_SG,xgb[maps+prof],960,5.204471140416463
MY_TO_SG,xgb[maps+prof],990,5.098269399618246
MY_TO_SG,xgb[maps+prof],1020,5.046412908059012
MY_TO_SG,xgb[maps+prof],1050,5.003047320732036
MY_TO_SG,xgb[maps+prof],1080,4.829257241041586
MY_TO_SG,xgb[maps+prof],1110,4.731208649193337
MY_TO_SG,xgb[maps+prof],1140,4.6182449196091335
MY_TO_SG,xgb[maps+prof],1170,4.543661487379814
MY_TO_SG,xgb[maps+prof],1200,4.538787573360922
MY_TO_SG,xgb[maps+prof],1230,4.670074552846318
MY_TO_SG,xgb[maps+prof],1260,4.740908985678484
MY_TO_SG,xgb[maps+prof],1290,4.810286672829519
MY_TO_SG,xgb[maps+prof],1320,4.838337807092832
MY_TO_SG,xgb[maps+prof],1350,4.874779593917101
MY_TO_SG,xgb[maps+prof],1380,4.8040582774032705
MY_TO_SG,xgb[maps+prof],1410,4.8476981459162465
MY_TO_SG,xgb[maps+prof],1440,4.866108875705081
