candidate,horizon_min,mae_minus_profile_min,ci_low,ci_high,significant
xgb[maps],30,-2.9175364270647233,-3.6798329615107273,-2.258387804525144,True
xgb[maps],60,-1.9873166653996146,-2.6583392471829415,-1.446443829915471,True
xgb[maps],90,-1.287852880414257,-1.7863857719627767,-0.8887313441704332,True
xgb[maps],120,-0.9190046488495266,-1.3134313034609781,-0.5758832952452639,True
xgb[maps],150,-0.5766843990294195,-0.8735820508747084,-0.28175637774721257,True
xgb[maps],180,-0.40194058617931216,-0.7053966951241226,-0.09875597100034632,True
xgb[maps],210,-0.1778459737445606,-0.5280973058929609,0.16217211716001048,False
xgb[maps],240,-0.005025968932947049,-0.41236217659760865,0.42186006523856073,False
xgb[maps],270,0.029137482215577586,-0.40602307997153286,0.4671837878803739,False
xgb[maps],300,0.1312555110461962,-0.29637016448404685,0.5991886373483223,False
xgb[maps],330,0.13064896008003163,-0.26226872534672885,0.5724827828932474,False
xgb[maps],360,0.1254790509988461,-0.26343731605938564,0.5067842486885115,False
xgb[maps],390,0.13475275702088313,-0.24942991651902452,0.5330717540853,False
xgb[maps],420,0.0760410550143211,-0.2788835662177368,0.4375845558648383,False
xgb[maps],450,0.007231778341661535,-0.3681710926359939,0.3865747432401332,False
xgb[maps],480,-0.00636484753721019,-0.3871047471163379,0.38872983642537445,False
xgb[maps],510,-0.02931041475529254,-0.40944344639836344,0.3573355942773026,False
xgb[maps],540,0.019443054673866738,-0.3486285261006727,0.3815634885684598,False
xgb[maps],570,0.05151261677858176,-0.3673854889966091,0.4467453698612614,False
xgb[maps],600,0.09206546366231338,-0.3525117799751228,0.5330266706198961,False
xgb[maps],630,0.23010876442221528,-0.24061300074153072,0.6902121797120132,False
xgb[maps],660,0.36922371899894024,-0.14608307085561537,0.8570870239582288,False
xgb[maps],690,0.3662778165787769,-0.169216506388712,0.8711951416751043,False
xgb[maps],720,0.31966849107043993,-0.20654085372652484,0.822450155766061,False
xgb[maps],750,0.20588487191181098,-0.2831133206057562,0.6574819869685332,False
xgb[maps],780,0.06925802844132928,-0.37140380693414654,0.48385150284427936,False
xgb[maps],810,-0.030710139737391364,-0.5185039251676429,0.4196692765700682,False
xgb[maps],840,0.0340934733279105,-0.48072482074588396,0.49958373941327266,False
xgb[maps],870,-0.01290650563980868,-0.5885647665725394,0.46937164728768144,False
xgb[maps],900,0.002416707699808007,-0.5594877763517896,0.49333372828630107,False
xgb[maps],930,0.05358420605589538,-0.4920615246867786,0.5582498710732865,False
xgb[maps],960,0.011582051602738112,-0.5772091242870708,0.5200544041794647,False
xgb[maps],990,0.021167889321179367,-0.5495019530809999,0.5047515727347212,False
xgb[maps],1020,0.05157883451968864,-0.5387326234266866,0.5386249625349344,False
xgb[maps],1050,0.12951300481521383,-0.4853398551906101,0.6162342666855868,False
xgb[maps],1080,0.10304856885436524,-0.5424292392863981,0.5954535351106524,False
xgb[maps],1110,0.005274436437250469,-0.6203521746510569,0.5463372717345741,False
xgb[maps],1140,-0.03250315813658063,-0.7168320245119173,0.5250611214190312,False
xgb[maps],1170,-0.10135950486188888,-0.7959510798037757,0.4695406792629345,False
xgb[maps],1200,-0.037347583839413556,-0.6681593856727078,0.44772722323902303,False
xgb[maps],1230,-0.13637571905260948,-0.7028282590839539,0.30399903993058497,False
xgb[maps],1260,-0.12844164348430137,-0.6294845093069334,0.2808051157836821,False
xgb[maps],1290,-0.1609938597139775,-0.6551573910440982,0.2381670350882035,False
xgb[maps],1320,-0.18539753137499293,-0.6362559537992547,0.20641546315693451,False
xgb[maps],1350,-0.21266458023419996,-0.5686768130991939,0.1349424548468194,False
xgb[maps],1380,-0.3469656921146259,-0.7899045102350339,0.09676325715107072,False
xgb[maps],1410,-0.31629868276393946,-0.7882012589539927,0.1525883394687493,False
xgb[maps],1440,-0.3370306895199041,-0.8554005411441571,0.1569339889294448,False
xgb[maps+prof],30,-2.920762480902119,-3.579908258072316,-2.3382356904979145,True
xgb[maps+prof],60,-1.976992666456202,-2.400962738565897,-1.5793019810970328,True
xgb[maps+prof],90,-1.532408744906879,-1.8926160672267665,-1.1815360055482342,True
xgb[maps+prof],120,-1.2261943251904153,-1.5560860138150687,-0.9223611280241176,True
xgb[maps+prof],150,-1.0191321135067852,-1.336495385974494,-0.7268106897507284,True
xgb[maps+prof],180,-0.8949963249643035,-1.203786949685913,-0.5889387116195698,True
xgb[maps+prof],210,-0.7877896969972368,-1.1033401902365496,-0.4735816483904516,True
xgb[maps+prof],240,-0.721798079794354,-1.0178256616886607,-0.4069806332637065,True
xgb[maps+prof],270,-0.6374837915087409,-0.9402061661844352,-0.3235131054533116,True
xgb[maps+prof],300,-0.5303318807355302,-0.8274967817291601,-0.22578354587371646,True
xgb[maps+prof],330,-0.4340133342991035,-0.7747574841185577,-0.11038300393276439,True
xgb[maps+prof],360,-0.3319859541083779,-0.7040378929689369,0.0016809381580208073,False
xgb[maps+prof],390,-0.29466044947467607,-0.6706605275421448,0.05670816831642721,False
xgb[maps+prof],420,-0.2650524276108491,-0.6246460756749725,0.07263627213002066,False
xgb[maps+prof],450,-0.2400802487894025,-0.5879127755387529,0.07801339991587969,False
xgb[maps+prof],480,-0.336790828637623,-0.6714639454531508,-0.012615484151406571,True
xgb[maps+prof],510,-0.3521483071115206,-0.6964981919409451,-0.01310750331838665,True
xgb[maps+prof],540,-0.35106947848898845,-0.6922717763309834,-0.010541201259799486,True
xgb[maps+prof],570,-0.32042384378126876,-0.6811048848395467,0.03541254779674747,False
xgb[maps+prof],600,-0.28431676521708377,-0.6632788708864007,0.10121737946396202,False
xgb[maps+prof],630,-0.1998039631179757,-0.5926993224146421,0.1767846631059705,False
xgb[maps+prof],660,-0.17686389584706944,-0.5888490991530063,0.24944340325071535,False
xgb[maps+prof],690,-0.20761627934839735,-0.6034919876273563,0.1918856575175959,False
xgb[maps+prof],720,-0.21818975982890773,-0.6233306509359947,0.15864282534790575,False
xgb[maps+prof],750,-0.27121749608247414,-0.7163651316968915,0.14355442425507522,False
xgb[maps+prof],780,-0.3362588897496287,-0.7970681928742016,0.08632626894588377,False
xgb[maps+prof],810,-0.33840027092293434,-0.764729545544765,0.0707419275456774,False
xgb[maps+prof],840,-0.3171221174143263,-0.7540721741022766,0.09382355581611594,False
xgb[maps+prof],870,-0.2747502626154289,-0.7322692265197057,0.1487910466563799,False
xgb[maps+prof],900,-0.2417284288469509,-0.7593363930390156,0.23526643626286622,False
xgb[maps+prof],930,-0.22861305745829533,-0.8178246337124616,0.28670899199953126,False
xgb[maps+prof],960,-0.2564427102202803,-0.8378717032014036,0.2590266648089103,False
xgb[maps+prof],990,-0.2594085750546833,-0.8215550358525223,0.2438980732635241,False
xgb[maps+prof],1020,-0.3135251736728698,-0.9232509469753981,0.19775733999636938,False
xgb[maps+prof],1050,-0.3631586637924614,-0.9346278629844641,0.11886439746642737,False
xgb[maps+prof],1080,-0.49138740206685994,-1.0728758544200996,0.01892829676235294,False
xgb[maps+prof],1110,-0.539873270329473,-1.1620241024331288,0.008168404624050005,False
xgb[maps+prof],1140,-0.6095748571619728,-1.2435616608030182,-0.08096549602361318,True
xgb[maps+prof],1170,-0.6212729779360208,-1.2557423242867296,-0.08405715316442514,True
xgb[maps+prof],1200,-0.6187373224515191,-1.2186767552364315,-0.08702931285051756,True
xgb[maps+prof],1230,-0.5623550443737131,-1.1542457947121239,-0.04286192587880073,True
xgb[maps+prof],1260,-0.5363369124792492,-1.0991616653384042,-0.04572506342871745,True
xgb[maps+prof],1290,-0.541405167297959,-1.1122773475740824,-0.03409892078480949,True
xgb[maps+prof],1320,-0.5234758881317852,-1.075962865061607,-0.01221447736434116,True
xgb[maps+prof],1350,-0.4966179133095827,-1.0039656609564285,-0.004320220924034419,True
xgb[maps+prof],1380,-0.5059400706833699,-0.9741596791073884,-0.0006975057224196543,True
xgb[maps+prof],1410,-0.4625497482764781,-0.8878872048767421,0.01484632720097625,False
xgb[maps+prof],1440,-0.42725015311669406,-0.8478013998264283,0.054477653722433544,False
persistence,30,-2.5517768782132313,-3.461824225429973,-1.778506585225707,True
persistence,60,-0.896960798416331,-1.8953371728017245,-0.07095444187150544,True
persistence,90,0.4931018418035678,-0.5937042029201761,1.3973564619237555,False
persistence,120,1.673700755908927,0.504218776801844,2.6533647270950964,True
persistence,150,2.607907022385862,1.38113298233485,3.6759903551908515,True
persistence,180,3.367820270493497,2.073471066442461,4.484272090280249,True
persistence,210,4.076206752346743,2.747471388583979,5.261598864885838,True
persistence,240,4.667571382964428,3.321931059654362,5.8768134455459204,True
persistence,270,5.1527591570444,3.7858962936329092,6.376497072383568,True
persistence,300,5.503146311960331,4.126671678600551,6.747321156514946,True
persistence,330,5.7413429178549675,4.392704731377797,7.003304510531999,True
persistence,360,5.876916763062239,4.534619575478454,7.114419121037046,True
persistence,390,5.967484245054412,4.6448399875180755,7.181663772063564,True
persistence,420,5.999344858226968,4.710528901540985,7.203870633339418,True
persistence,450,5.970623686339047,4.666038757030018,7.157966679093455,True
persistence,480,5.876319472009848,4.559756962477056,7.0344298106068734,True
persistence,510,5.773068631074655,4.491058399797058,6.8922560703016,True
persistence,540,5.720463559362477,4.459831107225328,6.861244136284072,True
persistence,570,5.678810678466947,4.4637081003659915,6.793900635869474,True
persistence,600,5.69115641216579,4.514964842118702,6.773346227297202,True
persistence,630,5.806960682928499,4.653901857817845,6.831637471603805,True
persistence,660,5.940076914164241,4.739032819944436,6.980310886859438,True
persistence,690,6.053833790153565,4.815883443387969,7.134807379264992,True
persistence,720,6.102939662275772,4.877475501675336,7.197717693021267,True
persistence,750,6.054132908677334,4.8783696507938155,7.175812028909332,True
persistence,780,5.914953733996545,4.7463942440454865,7.064605569938031,True
persistence,810,5.746336931485681,4.610040920129551,6.9148654874003785,True
persistence,840,5.619782361316849,4.501511600542017,6.797379294512439,True
persistence,870,5.629549465640782,4.516436156483408,6.838052831420918,True
persistence,900,5.684367787825706,4.530553185305161,6.903065503437479,True
persistence,930,5.766943127818652,4.5158405722588775,6.997301040155258,True
persistence,960,5.896342552116451,4.616434362530487,7.154728998953023,True
persistence,990,6.002942897662692,4.729718828300209,7.259496952837782,True
persistence,1020,6.075546152989534,4.900190368933856,7.223622484728521,True
persistence,1050,6.105265915859038,4.971882245477108,7.156566643277062,True
persistence,1080,6.050671466918863,4.9458748287133645,7.007819030336393,True
persistence,1110,5.9353559763332635,4.856772082390986,6.900771703962542,True
persistence,1140,5.761101106268768,4.708751759178011,6.690232870614336,True
persistence,1170,5.479287515592206,4.440652273773359,6.389517786073896,True
persistence,1200,5.086964859122184,4.052232375304698,5.95641463435199,True
persistence,1230,4.643856098057644,3.645737486330312,5.476104533821249,True
persistence,1260,4.1306683554812516,3.126807629915403,5.002374279000038,True
persistence,1290,3.57713667921769,2.622301582466475,4.4365140955315265,True
persistence,1320,2.9673428187455184,2.041253439119452,3.8697667888879437,True
persistence,1350,2.270308268780208,1.4202874766392082,3.210085792894488,True
persistence,1380,1.6040604814829371,0.8048847833925,2.5891864460318708,True
persistence,1410,1.0707803156178621,0.21519501732234966,2.0987658452286,True
persistence,1440,0.8313973051345455,-0.08442206284912039,1.9286776894930084,False
